date,open,high,low,close,adj_close,volume
2021-01-04,239.82,248.16,239.06,243.26,243.26,145914600
2021-01-05,241.22,246.95,239.73,245.04,245.04,96735600
2021-01-06,252.83,258.00,249.70,251.99,251.99,134100000
2021-01-07,259.21,272.33,258.40,272.01,272.01,154496700
2021-01-08,285.33,294.83,279.46,293.34,293.34,225166500
2021-01-11,283.13,284.81,267.87,270.40,270.40,177904800
2021-01-12,277.00,289.33,275.78,283.15,283.15,138812100
2021-01-13,284.25,286.82,277.33,284.80,284.80,99937500
2021-01-14,281.13,287.67,279.58,281.67,281.67,93798900
2021-01-15,284.00,286.63,273.03,275.39,275.39,116332800
2021-01-19,279.27,283.33,277.67,281.52,281.52,76101000
2021-01-20,286.25,286.50,279.09,283.48,283.48,76997700
2021-01-21,285.00,285.24,280.47,281.66,281.66,61563300
2021-01-22,278.10,282.67,276.21,282.21,282.21,60199500
2021-01-25,285.00,300.13,279.61,293.60,293.60,123520200
2021-01-26,297.13,298.63,290.53,294.36,294.36,69394800
2021-01-27,290.12,297.17,286.22,288.05,288.05,82002000
2021-01-28,273.33,282.67,267.00,278.48,278.48,79134000
2021-01-29,276.67,280.80,260.03,264.51,264.51,104972400
2021-02-01,271.43,280.67,265.19,279.94,279.94,76174200
2021-02-02,281.56,293.50,280.73,290.93,290.93,73038600
2021-02-03,292.34,292.69,284.35,284.90,284.90,55030500
2021-02-04,285.00,285.50,277.81,283.33,283.33,47438100
2021-02-05,281.67,288.26,279.66,284.08,284.08,55699800
2021-02-08,289.89,292.59,284.92,287.81,287.81,60485100
2021-02-09,285.04,286.60,280.58,283.15,283.15,45473100
2021-02-10,281.21,281.61,266.67,268.27,268.27,108648300
2021-02-11,270.81,276.63,267.24,270.55,270.55,64868400
2021-02-12,267.09,272.44,261.78,272.04,272.04,71304900
2021-02-16,272.67,273.67,264.15,265.41,265.41,59406900
2021-02-17,259.70,266.61,254.00,266.05,266.05,77989500
2021-02-18,260.30,264.90,258.76,262.46,262.46,53871300
2021-02-19,265.00,265.60,259.12,260.43,260.43,56874900
2021-02-22,254.21,256.17,236.73,238.17,238.17,111809100
2021-02-23,220.71,237.87,206.33,232.95,232.95,199820700
2021-02-24,237.28,248.33,231.39,247.34,247.34,110301000
2021-02-25,242.05,245.74,223.53,227.41,227.41,117071700
2021-02-26,233.33,235.57,219.84,225.17,225.17,123267600
2021-03-01,230.04,239.67,228.35,239.48,239.48,81408600
2021-03-02,239.43,240.37,228.33,228.81,228.81,71196600
2021-03-03,229.33,233.57,217.24,217.73,217.73,90624000
2021-03-04,218.60,222.82,200.00,207.15,207.15,197758500
2021-03-05,208.69,209.28,179.83,199.32,199.32,268189500
2021-03-08,200.18,206.71,186.26,187.67,187.67,155361000
2021-03-09,202.73,226.03,198.40,224.53,224.53,202569900
2021-03-10,233.43,239.28,218.35,222.69,222.69,181817100
2021-03-11,233.13,234.17,225.73,233.20,233.20,108761700
2021-03-12,223.33,231.63,222.05,231.24,231.24,100751400
2021-03-15,231.36,237.73,228.01,235.98,235.98,88006800
2021-03-16,234.45,235.97,223.67,225.63,225.63,96587100
2021-03-17,218.96,234.58,217.00,233.94,233.94,121117500
2021-03-18,228.10,229.74,217.33,217.72,217.72,99674400
2021-03-19,215.53,219.08,208.21,218.29,218.29,128682000
2021-03-22,228.20,233.21,222.92,223.33,223.33,118536600
2021-03-23,225.26,225.93,219.17,220.72,220.72,91475700
2021-03-24,222.64,222.67,210.04,210.09,210.09,101385600
2021-03-25,204.33,215.17,203.17,213.46,213.46,117674700
2021-03-26,213.96,214.61,199.96,206.24,206.24,101558400
2021-03-29,205.21,205.49,198.67,203.76,203.76,85911000
2021-03-30,200.58,212.55,197.00,211.87,211.87,118297200
2021-03-31,215.54,224.00,213.70,222.64,222.64,100011900
2021-04-01,229.46,230.81,219.81,220.58,220.58,105895200
2021-04-05,235.90,236.05,228.23,230.35,230.35,125528400
2021-04-06,230.10,232.18,227.12,230.54,230.54,84815400
2021-04-07,229.00,230.46,222.61,223.66,223.66,78928200
2021-04-08,225.79,229.85,223.88,227.93,227.93,71772900
2021-04-09,225.92,226.99,223.14,225.67,225.67,64311300
2021-04-12,228.57,234.93,227.36,233.99,233.99,87407100
2021-04-13,237.57,254.33,236.89,254.11,254.11,133958400
2021-04-14,256.90,260.26,242.68,244.08,244.08,147052200
2021-04-15,247.70,247.90,240.44,246.28,246.28,83546700
2021-04-16,242.88,249.80,241.53,246.59,246.59,83938500
2021-04-19,239.87,241.80,230.60,238.21,238.21,119058600
2021-04-20,239.14,245.75,236.90,239.66,239.66,106827000
2021-04-21,234.92,248.28,232.67,248.04,248.04,93646500
2021-04-22,247.17,251.26,239.35,239.90,239.90,106770900
2021-04-23,239.93,245.79,238.49,243.13,243.13,85110000
2021-04-26,247.00,249.77,244.20,246.07,246.07,93115500
2021-04-27,239.32,241.33,234.45,234.91,234.91,88311000
2021-04-28,232.14,236.17,231.20,231.47,231.47,66813000
2021-04-29,233.17,234.08,222.83,225.67,225.67,86536200
2021-04-30,222.53,238.49,222.05,236.48,236.48,122276100
2021-05-03,234.60,235.33,226.83,228.30,228.30,81129300
2021-05-04,226.31,227.82,219.23,224.53,224.53,89217900
2021-05-05,227.02,228.43,222.45,223.65,223.65,65705700
2021-05-06,226.92,227.01,216.67,221.18,221.18,83353800
2021-05-07,221.93,230.00,220.07,224.12,224.12,70407600
2021-05-10,221.63,221.68,209.20,209.68,209.68,94177200
2021-05-11,199.75,209.03,198.53,205.73,205.73,139511700
2021-05-12,200.83,206.80,195.59,196.63,196.63,101470800
2021-05-13,200.51,202.15,186.55,190.56,190.56,132554700
2021-05-14,194.47,197.62,190.15,196.58,196.58,100112700
2021-05-17,191.85,196.58,187.07,192.28,192.28,97171200
2021-05-18,189.33,198.75,187.79,192.62,192.62,110491800
2021-05-19,184.18,188.74,182.33,187.82,187.82,118735200
2021-05-20,191.67,196.28,190.36,195.59,195.59,92463300
2021-05-21,198.70,198.89,193.33,193.63,193.63,78091800
2021-05-24,193.87,204.83,191.22,202.15,202.15,103674300
2021-05-25,202.44,204.66,198.57,201.56,201.56,84017700
2021-05-26,202.52,208.72,200.50,206.38,206.38,85917900
2021-05-27,206.75,210.38,205.40,210.28,210.28,79111800
2021-05-28,209.50,211.86,207.46,208.41,208.41,68211000
2021-06-01,209.27,211.27,206.85,207.97,207.97,54254700
2021-06-02,206.71,207.79,199.71,201.71,201.71,69908400
2021-06-03,200.60,201.52,190.41,190.95,190.95,90335700
2021-06-04,193.24,200.20,192.40,199.68,199.68,72110700
2021-06-07,197.28,203.33,194.29,201.71,201.71,67631100
2021-06-08,207.67,207.70,198.50,201.20,201.20,78160200
2021-06-09,200.72,203.93,199.21,199.59,199.59,49753800
2021-06-10,201.29,205.53,200.17,203.37,203.37,71758800
2021-06-11,203.41,204.19,200.51,203.30,203.30,48615900
2021-06-14,204.08,208.50,203.06,205.90,205.90,61272000
2021-06-15,205.56,205.60,199.41,199.79,199.79,53292300
2021-06-16,199.18,202.83,197.83,201.62,201.62,66432300
2021-06-17,200.63,207.16,200.45,205.53,205.53,68104200
2021-06-18,204.46,209.45,203.93,207.77,207.77,73682700
2021-06-21,208.16,210.46,202.96,206.94,206.94,74438100
2021-06-22,206.08,209.52,205.17,207.90,207.90,57476700
2021-06-23,210.67,219.07,210.01,218.86,218.86,93297600
2021-06-24,225.00,232.54,222.54,226.61,226.61,137947200
2021-06-25,229.86,231.27,222.90,223.96,223.96,97490100
2021-06-28,223.88,231.57,223.44,229.57,229.57,64884600
2021-06-29,228.22,229.17,225.30,226.92,226.92,52143900
2021-06-30,226.59,230.94,226.05,226.57,226.57,56774700
2021-07-01,227.97,229.33,224.27,225.97,225.97,55903500
2021-07-02,226.33,233.33,224.42,226.30,226.30,81163500
2021-07-06,227.24,228.00,217.13,219.86,219.86,69853500
2021-07-07,221.42,221.90,212.77,214.88,214.88,56376000
2021-07-08,209.46,218.14,206.82,217.60,217.60,68319900
2021-07-09,217.73,219.64,214.90,218.98,218.98,54421500
2021-07-12,220.73,229.08,220.72,228.57,228.57,77781000
2021-07-13,228.77,231.09,222.10,222.85,222.85,62898300
2021-07-14,223.58,226.20,217.61,217.79,217.79,64923600
2021-07-15,219.46,222.05,212.63,216.87,216.87,60628800
2021-07-16,218.23,218.90,214.07,214.74,214.74,49113000
2021-07-19,209.96,215.73,207.10,215.41,215.41,63891300
2021-07-20,217.33,220.80,213.50,220.17,220.17,46461300
2021-07-21,219.87,221.62,216.76,218.43,218.43,41859900
2021-07-22,218.81,220.72,214.87,216.42,216.42,45317100
2021-07-23,215.45,216.27,212.43,214.46,214.46,43814700
2021-07-26,216.99,222.73,215.70,219.21,219.21,76009800
2021-07-27,221.13,222.17,209.08,214.93,214.93,98439900
2021-07-28,215.67,218.32,213.13,215.66,215.66,48019800
2021-07-29,216.60,227.90,216.27,225.78,225.78,91183800
2021-07-30,223.92,232.51,223.00,229.07,229.07,88969200
2021-08-02,233.33,242.31,232.80,236.56,236.56,100847400
2021-08-03,239.67,240.88,233.67,236.58,236.58,64860900
2021-08-04,237.00,241.63,236.31,236.97,236.97,51007800
2021-08-05,238.67,240.32,237.14,238.21,238.21,38758800
2021-08-06,237.30,238.78,232.54,233.03,233.03,46869000
2021-08-09,236.72,239.68,235.04,237.92,237.92,44145900
2021-08-10,238.00,238.86,233.96,236.66,236.66,40296900
2021-08-11,237.57,238.39,234.74,235.94,235.94,29401800
2021-08-12,235.45,240.93,233.13,240.75,240.75,52377300
2021-08-13,241.24,243.30,238.11,239.06,239.06,50194500
2021-08-16,235.02,236.50,225.47,228.72,228.72,68032200
2021-08-17,224.22,224.86,216.28,221.90,221.90,71163900
2021-08-18,223.25,231.92,223.12,229.66,229.66,61048200
2021-08-19,226.07,228.85,222.53,224.49,224.49,42940500
2021-08-20,227.62,230.71,224.57,226.75,226.75,44525700
2021-08-23,228.48,237.38,226.92,235.43,235.43,60794700
2021-08-24,236.89,238.41,234.21,236.16,236.16,39249300
2021-08-25,235.68,238.99,234.67,237.07,237.07,37936800
2021-08-26,236.10,238.47,232.54,233.72,233.72,39642900
2021-08-27,235.00,238.33,234.03,237.31,237.31,41501400
2021-08-30,238.24,243.67,237.58,243.64,243.64,55812600
2021-08-31,244.33,246.80,242.15,245.24,245.24,62566200
2021-09-01,244.69,247.33,243.76,244.70,244.70,39612900
2021-09-02,244.83,246.99,243.51,244.13,244.13,38331900
2021-09-03,244.08,244.67,241.40,244.52,244.52,45738300
2021-09-07,246.67,253.40,246.42,250.97,250.97,60119400
2021-09-08,253.86,254.82,246.92,251.29,251.29,56379000
2021-09-09,251.14,254.03,250.54,251.62,251.62,42233100
2021-09-10,253.20,254.20,244.84,245.42,245.42,45552600
2021-09-13,246.74,248.26,236.28,247.67,247.67,68857500
2021-09-14,247.52,251.49,245.47,248.16,248.16,55574700
2021-09-15,248.33,252.29,246.12,251.94,251.94,46073100
2021-09-16,250.94,252.97,249.20,252.33,252.33,41770200
2021-09-17,252.38,253.68,250.00,253.16,253.16,84612600
2021-09-20,244.85,247.33,239.54,243.39,243.39,74273100
2021-09-21,244.93,248.25,243.48,246.46,246.46,48992100
2021-09-22,247.84,251.22,246.37,250.65,250.65,45378900
2021-09-23,251.67,252.73,249.31,251.21,251.21,35842500
2021-09-24,248.63,258.27,248.19,258.13,258.13,64119000
2021-09-27,257.71,266.33,256.44,263.79,263.79,84212100
2021-09-28,262.40,265.21,255.39,259.19,259.19,76144200
2021-09-29,259.93,264.50,256.89,260.44,260.44,62828700
2021-09-30,260.33,263.04,258.33,258.49,258.49,53868000
2021-10-01,259.47,260.26,254.53,258.41,258.41,51094200
2021-10-04,265.50,268.99,258.71,260.51,260.51,91449900
2021-10-05,261.60,265.77,258.07,260.20,260.20,55297800
2021-10-06,258.73,262.22,257.74,260.92,260.92,43898400
2021-10-07,261.82,268.33,261.13,264.54,264.54,57587400
2021-10-08,265.40,265.46,260.30,261.83,261.83,50215800
2021-10-11,262.55,267.08,261.83,263.98,263.98,42600900
2021-10-12,266.98,270.77,265.52,268.57,268.57,66060000
2021-10-13,270.16,271.80,268.59,270.36,270.36,42360300
2021-10-14,271.83,273.42,271.12,272.77,272.77,36741600
2021-10-15,274.58,281.07,274.12,281.01,281.01,56773800
2021-10-18,283.93,291.75,283.82,290.04,290.04,72621600
2021-10-19,292.51,292.65,287.50,288.09,288.09,52143300
2021-10-20,288.45,289.83,285.79,288.60,288.60,42096300
2021-10-21,285.33,300.00,285.17,298.00,298.00,94444500
2021-10-22,298.50,303.33,296.99,303.23,303.23,68642400
2021-10-25,316.84,348.34,314.73,341.62,341.62,188556300
2021-10-26,341.56,364.98,333.81,339.48,339.48,187245000
2021-10-27,346.55,356.96,343.59,345.95,345.95,115579500
2021-10-28,356.10,360.33,351.40,359.01,359.01,81639600
2021-10-29,360.62,371.74,357.74,371.33,371.33,89755200
2021-11-01,381.67,403.25,372.89,402.86,402.86,168146100
2021-11-02,386.45,402.86,382.00,390.67,390.67,128213400
2021-11-03,392.44,405.13,384.21,404.62,404.62,103885500
2021-11-04,411.47,414.50,405.67,409.97,409.97,76192200
2021-11-05,409.33,413.29,402.67,407.36,407.36,64886400
2021-11-08,383.26,399.00,377.67,387.65,387.65,100337100
2021-11-09,391.20,391.50,337.17,341.17,341.17,177317400
2021-11-10,336.80,359.37,329.10,355.98,355.98,128408100
2021-11-11,367.59,368.32,351.56,354.50,354.50,67189800
2021-11-12,349.17,351.50,339.73,344.47,344.47,76719300
2021-11-15,339.21,343.99,326.20,337.80,337.80,104326800
2021-11-16,334.44,352.40,334.06,351.58,351.58,79627200
2021-11-17,354.50,373.21,351.83,363.00,363.00,94336200
2021-11-18,368.85,370.67,358.34,365.46,365.46,62696700
2021-11-19,366.29,379.57,364.23,379.02,379.02,64926900
2021-11-22,387.44,400.65,377.48,385.62,385.62,99217500
2021-11-23,389.17,393.50,354.23,369.68,369.68,108515100
2021-11-24,360.13,377.59,354.00,372.00,372.00,67680600
2021-11-26,366.49,369.59,360.33,360.64,360.64,35042700
2021-11-29,367.00,380.89,366.73,379.00,379.00,58393500
2021-11-30,381.46,389.33,372.67,381.59,381.59,81276000
2021-12-01,386.90,390.95,363.59,365.00,365.00,68450400
2021-12-02,366.35,371.00,352.22,361.53,361.53,73114800
2021-12-03,361.60,363.53,333.40,338.32,338.32,92322000
2021-12-06,333.84,340.55,316.83,336.34,336.34,81663000
2021-12-07,348.07,352.56,342.27,350.58,350.58,56084700
2021-12-08,350.90,357.46,344.33,356.32,356.32,41906400
2021-12-09,353.55,354.16,334.12,334.60,334.60,59438400
2021-12-10,336.25,340.33,327.51,339.01,339.01,59664300
2021-12-13,333.70,335.00,317.14,322.14,322.14,78595500
2021-12-14,315.00,322.14,310.00,319.50,319.50,70806300
2021-12-15,317.74,326.25,309.42,325.33,325.33,75169200
2021-12-16,331.50,331.66,307.28,308.97,308.97,82771500
2021-12-17,304.92,320.22,303.01,310.86,310.86,100437300
2021-12-20,303.57,307.23,297.80,299.98,299.98,56480100
2021-12-21,305.62,313.17,295.37,312.84,312.84,71517900
2021-12-22,321.89,338.55,319.02,336.29,336.29,93634200
2021-12-23,335.60,357.66,332.52,355.67,355.67,92713200
2021-12-27,357.89,372.33,356.91,364.65,364.65,71145900
2021-12-28,369.83,373.00,359.47,362.82,362.82,60324000
2021-12-29,366.21,368.00,354.71,362.06,362.06,56154000
2021-12-30,353.78,365.18,351.05,356.78,356.78,47040900
2021-12-31,357.81,360.67,351.53,352.26,352.26,40733700
2022-01-03,382.58,400.36,378.68,399.93,399.93,103931400
2022-01-04,396.52,402.67,374.35,383.20,383.20,100248300
2022-01-05,382.22,390.11,360.34,362.71,362.71,80119800
2022-01-06,359.00,362.67,340.17,354.90,354.90,90336600
2022-01-07,360.12,360.31,336.67,342.32,342.32,84164700
2022-01-10,333.33,353.03,326.67,352.71,352.71,91815000
2022-01-11,351.22,358.62,346.27,354.80,354.80,66063300
2022-01-12,359.62,371.61,357.53,368.74,368.74,83739000
2022-01-13,369.69,371.87,342.18,343.85,343.85,97209900
2022-01-14,339.96,350.67,337.79,349.87,349.87,72924300
2022-01-18,342.20,356.93,338.69,343.50,343.50,66743400
2022-01-19,347.24,351.56,331.67,331.88,331.88,75442500
2022-01-20,336.58,347.22,331.33,332.09,332.09,70488600
2022-01-21,332.11,334.85,313.50,314.63,314.63,103416000
2022-01-24,301.59,311.17,283.82,310.00,310.00,151565700
2022-01-25,304.73,317.09,301.07,306.13,306.13,86595900
2022-01-26,317.48,329.23,302.00,312.47,312.47,104867400
2022-01-27,311.12,311.80,276.33,276.37,276.37,147109500
2022-01-28,277.19,285.83,264.00,282.12,282.12,134789100
2022-01-31,290.90,312.66,287.35,312.24,312.24,104436000
2022-02-01,311.74,314.57,301.67,310.42,310.42,73138200
2022-02-02,309.39,310.50,296.47,301.89,301.89,66792900
2022-02-03,294.00,312.33,293.51,297.05,297.05,78855600
2022-02-04,299.07,312.17,293.72,307.77,307.77,73625400
2022-02-07,307.93,315.92,300.90,302.45,302.45,60994500
2022-02-08,301.84,308.76,298.27,307.33,307.33,50729100
2022-02-09,311.67,315.42,306.67,310.67,310.67,52259400
2022-02-10,302.79,314.60,298.90,301.52,301.52,66126900
2022-02-11,303.21,305.32,283.57,286.67,286.67,79645800
2022-02-14,287.19,299.63,284.38,291.92,291.92,67756500
2022-02-15,300.00,307.67,297.79,307.48,307.48,57286200
2022-02-16,304.68,308.81,300.40,307.80,307.80,51294300
2022-02-17,304.42,306.17,291.37,292.12,292.12,55178400
2022-02-18,295.33,295.62,279.20,285.66,285.66,68501700
2022-02-22,278.04,285.58,267.03,273.84,273.84,83288100
2022-02-23,276.81,278.43,253.52,254.68,254.68,95256900
2022-02-24,233.46,267.49,233.33,266.92,266.92,135322200
2022-02-25,269.74,273.17,260.80,269.96,269.96,76067700
2022-02-28,271.67,292.29,271.57,290.14,290.14,99006900
2022-03-01,289.89,296.63,284.59,288.12,288.12,74766900
2022-03-02,290.71,295.49,281.42,293.30,293.30,74643300
2022-03-03,292.92,295.48,277.53,279.76,279.76,61623600
2022-03-04,283.03,285.22,275.05,279.43,279.43,66999600
2022-03-07,285.43,288.71,268.19,268.19,268.19,72494100
2022-03-08,265.18,283.33,260.72,274.80,274.80,80399100
2022-03-09,279.83,286.85,277.34,286.32,286.32,59184000
2022-03-10,283.82,284.82,270.12,279.43,279.43,58648500
2022-03-11,280.07,281.27,264.59,265.12,265.12,67037100
2022-03-14,260.20,266.90,252.01,255.46,255.46,71152200
2022-03-15,258.42,268.52,252.19,267.30,267.30,66841200
2022-03-16,269.67,280.67,267.42,280.08,280.08,84028800
2022-03-17,277.00,291.67,275.24,290.53,290.53,66582900
2022-03-18,291.50,302.62,289.13,301.80,301.80,100414200
2022-03-21,304.99,314.28,302.36,307.05,307.05,81981600
2022-03-22,310.00,332.62,307.25,331.33,331.33,105868500
2022-03-23,326.65,346.90,325.47,333.04,333.04,120676200
2022-03-24,336.58,341.50,329.60,337.97,337.97,68920800
2022-03-25,336.00,340.60,332.44,336.88,336.88,62031600
2022-03-28,355.03,365.96,351.20,363.95,363.95,102506100
2022-03-29,369.33,371.59,357.70,366.52,366.52,73614900
2022-03-30,363.72,371.32,361.33,364.66,364.66,59865000
2022-03-31,364.86,367.71,358.88,359.20,359.20,48992700
2022-04-01,360.38,364.92,355.55,361.53,361.53,54263100
2022-04-04,363.13,383.30,357.51,381.82,381.82,82035900
2022-04-05,378.77,384.29,362.43,363.75,363.75,80075100
2022-04-06,357.82,359.67,342.57,348.59,348.59,89348400
2022-04-07,350.80,358.86,340.51,352.42,352.42,79447200
2022-04-08,347.74,349.48,340.81,341.83,341.83,55013700
2022-04-11,326.80,336.16,324.88,325.31,325.31,59357100
2022-04-12,332.55,340.40,325.53,328.98,328.98,65976000
2022-04-13,327.03,342.08,324.37,340.79,340.79,55121100
2022-04-14,333.10,337.57,327.40,328.33,328.33,58422300
2022-04-18,329.68,338.31,324.47,334.76,334.76,51715200
2022-04-19,335.02,344.98,331.78,342.72,342.72,49847700
2022-04-20,343.33,344.67,325.08,325.73,325.73,70711200
2022-04-21,358.24,364.07,332.14,336.26,336.26,105416400
2022-04-22,338.30,344.95,331.33,335.02,335.02,69696600
2022-04-25,326.32,336.21,325.10,332.67,332.67,68341200
2022-04-26,331.81,333.33,291.67,292.14,292.14,136133700
2022-04-27,299.53,306.00,292.45,293.84,293.84,76956300
2022-04-28,299.99,300.00,273.90,292.50,292.50,124948500
2022-04-29,300.75,311.47,290.00,290.25,290.25,88133100
2022-05-02,286.92,302.12,282.68,300.98,300.98,75781500
2022-05-03,301.06,308.03,296.20,303.08,303.08,63709500
2022-05-04,301.31,318.50,295.09,317.54,317.54,81643800
2022-05-05,313.01,315.20,285.90,291.09,291.09,92519100
2022-05-06,295.67,296.00,281.04,288.55,288.55,72903000
2022-05-09,278.82,281.88,260.38,262.37,262.37,90810300
2022-05-10,273.10,275.12,258.08,266.68,266.68,84401700
2022-05-11,265.00,269.92,242.40,244.67,244.67,97224600
2022-05-12,233.67,253.22,226.67,242.67,242.67,140313000
2022-05-13,257.83,262.45,250.52,256.53,256.53,92150700
2022-05-16,255.72,256.59,239.70,241.46,241.46,86098500
2022-05-17,249.12,254.83,242.95,253.87,253.87,80236200
2022-05-18,248.17,253.50,233.60,236.60,236.60,87811800
2022-05-19,235.67,244.67,231.37,236.47,236.47,90296700
2022-05-20,238.00,240.53,211.00,221.30,221.30,144973200
2022-05-23,218.34,226.65,212.69,224.97,224.97,88903500
2022-05-24,217.84,217.97,206.86,209.39,209.39,89092500
2022-05-25,207.95,223.11,207.67,219.60,219.60,92139300
2022-05-26,220.47,239.56,217.89,235.91,235.91,106003200
2022-05-27,241.08,253.27,240.18,253.21,253.21,89295000
2022-05-31,257.95,259.60,244.74,252.75,252.75,101914500
2022-06-01,251.72,257.33,243.64,246.79,246.79,77247900
2022-06-02,244.16,264.21,242.07,258.33,258.33,93473100
2022-06-03,243.23,247.80,233.42,234.52,234.52,112393800
2022-06-06,244.35,244.87,234.35,238.28,238.28,84204600
2022-06-07,234.00,240.00,230.09,238.89,238.89,72808500
2022-06-08,240.09,249.96,239.18,241.87,241.87,76210500
2022-06-09,249.34,255.55,239.33,239.71,239.71,96491400
2022-06-10,235.16,239.50,227.91,232.23,232.23,97536600
2022-06-13,223.17,226.63,214.68,215.74,215.74,102767400
2022-06-14,218.29,226.33,211.74,220.89,220.89,97988700
2022-06-15,220.92,235.66,218.15,233.00,233.00,119131800
2022-06-16,222.74,225.17,208.69,213.10,213.10,107390700
2022-06-17,213.43,220.97,213.20,216.76,216.76,92641800
2022-06-21,224.60,243.58,224.33,237.04,237.04,122793000
2022-06-22,234.50,246.83,233.83,236.09,236.09,101107500
2022-06-23,237.91,239.32,228.64,235.07,235.07,104202600
2022-06-24,237.47,246.07,236.09,245.71,245.71,95770800
2022-06-27,249.37,252.07,242.57,244.92,244.92,89178300
2022-06-28,244.48,249.97,232.34,232.66,232.66,90391200
2022-06-29,230.50,231.17,222.27,228.49,228.49,82897200
2022-06-30,224.51,229.46,218.86,224.47,224.47,94600500
2022-07-01,227.00,230.23,222.12,227.26,227.26,74460300
2022-07-05,223.00,233.15,216.17,233.07,233.07,84581100
2022-07-06,230.78,234.56,227.19,231.73,231.73,71853600
2022-07-07,233.92,245.36,232.21,244.54,244.54,81930600
2022-07-08,242.33,254.98,241.16,250.76,250.76,101854200
2022-07-11,252.10,253.06,233.63,234.34,234.34,99241200
2022-07-12,236.85,239.77,228.37,233.07,233.07,87930900
2022-07-13,225.50,242.06,225.03,237.04,237.04,97954500
2022-07-14,234.90,238.65,229.33,238.31,238.31,78557400
2022-07-15,240.00,243.62,236.89,240.07,240.07,69683100
2022-07-18,244.94,250.52,239.60,240.55,240.55,82537500
2022-07-19,245.00,247.14,236.98,245.53,245.53,80890200
2022-07-20,246.78,250.66,243.48,247.50,247.50,88864200
2022-07-21,255.11,273.27,254.87,271.71,271.71,142032300
2022-07-22,276.22,280.79,270.71,272.24,272.24,103472700
2022-07-25,272.22,274.15,267.40,268.43,268.43,64073400
2022-07-26,266.51,267.31,256.26,258.86,258.86,66820800
2022-07-27,263.81,275.93,261.79,274.82,274.82,88110000
2022-07-28,280.07,283.30,272.80,280.90,280.90,84723000
2022-07-29,280.70,298.32,279.10,297.15,297.15,95313000
2022-08-01,301.28,311.88,295.00,297.28,297.28,117042900
2022-08-02,294.00,307.83,292.67,300.59,300.59,95577600
2022-08-03,305.00,309.55,301.15,307.40,307.40,80091000
2022-08-04,311.00,313.61,305.00,308.63,308.63,72256200
2022-08-05,302.67,304.61,285.54,288.17,288.17,113172900
2022-08-08,295.00,305.20,289.09,290.42,290.42,98994000
2022-08-09,290.29,292.40,279.35,283.33,283.33,86244600
2022-08-10,297.07,297.51,283.37,294.36,294.36,94918800
2022-08-11,296.51,298.24,285.83,286.63,286.63,70155000
2022-08-12,289.42,300.16,285.03,300.03,300.03,79657200
2022-08-15,301.79,313.13,301.23,309.32,309.32,89359200
2022-08-16,311.67,314.67,302.88,306.56,306.56,88136400
2022-08-17,303.40,309.66,300.03,304.00,304.00,68766000
2022-08-18,306.00,306.50,301.85,302.87,302.87,47500500
2022-08-19,299.00,300.36,292.50,296.67,296.67,61395300
2022-08-22,291.91,292.40,286.30,289.91,289.91,55843200
2022-08-23,291.45,298.83,287.92,296.45,296.45,63984900
2022-08-24,297.56,303.65,296.50,297.10,297.10,57259800
2022-08-25,302.36,302.96,291.60,296.07,296.07,53230000
2022-08-26,297.43,302.00,287.47,288.09,288.09,57163900
2022-08-29,282.83,287.74,280.70,284.82,284.82,41864700
2022-08-30,287.87,288.48,272.65,277.70,277.70,50541800
2022-08-31,280.62,281.25,271.81,275.61,275.61,52107300
2022-09-01,272.58,277.58,266.15,277.16,277.16,54287000
2022-09-02,281.07,282.35,269.08,270.21,270.21,50890100
2022-09-06,272.68,275.99,265.74,274.42,274.42,55860000
2022-09-07,273.10,283.84,272.27,283.70,283.70,50028900
2022-09-08,281.30,289.50,279.76,289.26,289.26,53713100
2022-09-09,291.67,299.85,291.25,299.68,299.68,54338100
2022-09-12,300.72,305.49,300.40,304.42,304.42,48674600
2022-09-13,292.90,297.40,290.40,292.13,292.13,68229600
2022-09-14,292.24,306.00,291.64,302.61,302.61,72628700
2022-09-15,301.83,309.12,300.72,303.75,303.75,64795500
2022-09-16,299.61,303.71,295.60,303.35,303.35,87087800
2022-09-19,300.09,309.84,297.80,309.07,309.07,60231200
2022-09-20,306.91,313.33,305.58,308.73,308.73,61642800
2022-09-21,308.29,313.80,300.63,300.80,300.80,62555700
2022-09-22,299.86,301.29,285.82,288.59,288.59,70545400
2022-09-23,283.09,284.50,272.82,275.33,275.33,63748400
2022-09-26,271.83,284.09,270.31,276.01,276.01,58076900
2022-09-27,283.84,288.67,277.51,282.94,282.94,61925200
2022-09-28,283.08,289.00,277.57,287.81,287.81,54664800
2022-09-29,282.76,283.65,265.78,268.21,268.21,77620600
2022-09-30,266.15,275.57,262.47,265.25,265.25,67726600
2022-10-03,254.50,255.16,241.01,242.40,242.40,98363500
2022-10-04,250.52,257.50,242.01,249.44,249.44,109578500
2022-10-05,245.01,246.67,233.27,240.81,240.81,86982700
2022-10-06,239.44,244.58,235.35,238.13,238.13,69298400
2022-10-07,233.94,234.57,222.02,223.07,223.07,83916800
2022-10-10,223.93,226.99,218.36,222.96,222.96,67925000
2022-10-11,220.95,225.75,215.00,216.50,216.50,77013200
2022-10-12,215.33,219.30,211.51,217.24,217.24,66860700
2022-10-13,208.30,222.99,206.22,221.72,221.72,91483000
2022-10-14,224.01,226.26,204.16,204.99,204.99,94124500
2022-10-17,210.04,221.86,209.45,219.35,219.35,79428800
2022-10-18,229.50,229.82,217.25,220.19,220.19,75891900
2022-10-19,219.80,222.93,217.78,222.04,222.04,66571500
2022-10-20,208.28,215.55,202.00,207.28,207.28,117798100
2022-10-21,206.42,214.66,203.80,214.44,214.44,75713800
2022-10-24,205.82,213.50,198.59,211.25,211.25,100446800
2022-10-25,210.10,224.35,210.00,222.42,222.42,96507900
2022-10-26,219.40,230.60,218.20,224.64,224.64,85012500
2022-10-27,229.77,233.81,222.85,225.09,225.09,61638800
2022-10-28,225.40,228.86,216.35,228.52,228.52,69152400
2022-10-31,226.19,229.85,221.94,227.54,227.54,61554300
2022-11-01,234.05,237.40,227.28,227.82,227.82,62688800
2022-11-02,226.04,227.87,214.82,214.98,214.98,63070300
2022-11-03,211.36,221.20,210.14,215.31,215.31,56538800
2022-11-04,222.60,223.80,203.08,207.47,207.47,98622200
2022-11-07,208.65,208.90,196.66,197.08,197.08,93916500
2022-11-08,194.02,195.20,186.75,191.30,191.30,128803400
2022-11-09,190.78,195.89,177.12,177.59,177.59,127062700
2022-11-10,189.90,191.00,180.03,190.72,190.72,132703000
2022-11-11,186.00,196.52,182.59,195.97,195.97,114403600
2022-11-14,192.77,195.73,186.34,190.95,190.95,92226600
2022-11-15,195.88,200.82,192.06,194.42,194.42,91293800
2022-11-16,191.51,192.57,185.66,186.92,186.92,66567600
2022-11-17,183.96,186.16,180.90,183.17,183.17,64336000
2022-11-18,185.05,185.19,176.55,180.19,180.19,76048900
2022-11-21,175.85,176.77,167.54,167.87,167.87,92882700
2022-11-22,168.63,170.92,166.19,169.91,169.91,78452300
2022-11-23,173.57,183.62,172.50,183.20,183.20,109536700
2022-11-25,185.06,185.20,180.63,182.86,182.86,50672700
2022-11-28,179.96,188.50,179.00,182.92,182.92,92905200
2022-11-29,184.99,186.38,178.75,180.83,180.83,83357100
2022-11-30,182.43,194.76,180.63,194.70,194.70,109186400
2022-12-01,197.08,198.92,191.80,194.70,194.70,80046200
2022-12-02,191.78,196.25,191.11,194.86,194.86,73645900
2022-12-05,189.44,191.27,180.55,182.45,182.45,93122700
2022-12-06,181.22,183.65,175.33,179.82,179.82,92150800
2022-12-07,175.03,179.38,172.22,174.04,174.04,84213300
2022-12-08,172.20,175.20,169.06,173.44,173.44,97624500
2022-12-09,173.84,182.50,173.36,179.05,179.05,104872300
2022-12-12,176.10,177.37,167.52,167.82,167.82,109794500
2022-12-13,174.87,175.05,156.91,160.95,160.95,175862700
2022-12-14,159.25,161.62,155.31,156.80,156.80,140682300
2022-12-15,153.44,160.93,153.28,157.67,157.67,122334500
2022-12-16,159.64,160.99,150.04,150.23,150.23,139032200
2022-12-19,154.00,155.25,145.82,149.87,149.87,139390600
2022-12-20,146.05,148.47,137.66,137.80,137.80,159563300
2022-12-21,139.34,141.26,135.89,137.57,137.57,145417400
2022-12-22,136.00,136.63,122.26,125.35,125.35,210090300
2022-12-23,126.37,128.62,121.02,123.15,123.15,166989700
2022-12-27,117.50,119.67,108.76,109.10,109.10,208643400
2022-12-28,110.35,116.27,108.24,112.71,112.71,221070500
2022-12-29,120.39,123.57,117.50,121.82,121.82,221923300
2022-12-30,119.95,124.48,119.75,123.18,123.18,157777300
2023-01-03,118.47,118.80,104.64,108.10,108.10,231402800
2023-01-04,109.11,114.59,107.52,113.64,113.64,180389000
2023-01-05,110.51,111.75,107.16,110.34,110.34,157986300
2023-01-06,103.00,114.39,101.81,113.06,113.06,220911100
2023-01-09,118.96,123.52,117.11,119.77,119.77,190284000
2023-01-10,121.07,122.76,114.92,118.85,118.85,167642500
2023-01-11,122.09,125.95,120.51,123.22,123.22,183810800
2023-01-12,122.56,124.13,117.00,123.56,123.56,169400900
2023-01-13,116.55,122.63,115.60,122.40,122.40,180714100
2023-01-17,125.70,131.70,125.02,131.49,131.49,186477000
2023-01-18,136.56,136.68,127.01,128.78,128.78,195680300
2023-01-19,127.26,129.99,124.31,127.17,127.17,170291900
2023-01-20,128.68,133.51,127.35,133.42,133.42,138858100
2023-01-23,135.87,145.38,134.27,143.75,143.75,203119200
2023-01-24,143.00,146.50,141.10,143.89,143.89,158699100
2023-01-25,141.91,146.41,138.07,144.43,144.43,192734300
2023-01-26,159.97,161.42,154.76,160.27,160.27,234815100
2023-01-27,162.43,180.68,161.17,177.90,177.90,306590600
2023-01-30,178.05,179.77,166.50,166.66,166.66,230878800
2023-01-31,164.57,174.30,162.78,173.22,173.22,196813500
2023-02-01,173.89,183.81,169.93,181.41,181.41,213806300
2023-02-02,187.33,196.75,182.61,188.27,188.27,217448300
2023-02-03,183.95,199.00,183.69,189.98,189.98,232662000
2023-02-06,193.01,198.17,189.92,194.76,194.76,186188100
2023-02-07,196.43,197.50,189.55,196.81,196.81,186010300
2023-02-08,196.10,203.00,194.31,201.29,201.29,180673600
2023-02-09,207.78,214.00,204.77,207.32,207.32,215431400
2023-02-10,202.23,206.20,192.89,196.89,196.89,204754100
2023-02-13,194.42,196.30,187.61,194.64,194.64,172475500
2023-02-14,191.94,209.82,189.44,209.25,209.25,216455700
2023-02-15,211.76,214.66,206.11,214.24,214.24,181006400
2023-02-16,210.78,217.65,201.84,202.04,202.04,229586500
2023-02-17,199.99,208.44,197.50,208.31,208.31,213738500
2023-02-21,204.99,209.71,197.22,197.37,197.37,180018600
2023-02-22,197.93,201.99,191.78,200.86,200.86,191828500
2023-02-23,203.91,205.14,196.33,202.07,202.07,146360000
2023-02-24,196.33,197.67,192.80,196.88,196.88,142228100
2023-02-27,202.03,209.42,201.26,207.63,207.63,161028300
2023-02-28,210.59,211.23,203.75,205.71,205.71,153144900
2023-03-01,206.21,207.20,198.52,202.77,202.77,156852800
2023-03-02,186.74,193.75,186.01,190.90,190.90,181500700
2023-03-03,194.80,200.48,192.88,197.79,197.79,154193300
2023-03-06,198.54,198.60,192.30,193.81,193.81,128100100
2023-03-07,191.38,194.20,186.10,187.71,187.71,148125800
2023-03-08,185.04,186.50,180.00,182.00,182.00,151897800
2023-03-09,180.25,185.18,172.51,172.92,172.92,170023800
2023-03-10,175.13,178.29,168.44,173.44,173.44,191488900
2023-03-13,167.46,177.35,163.91,174.48,174.48,167790300
2023-03-14,177.31,183.80,177.14,183.26,183.26,143717900
2023-03-15,180.80,182.34,176.03,180.45,180.45,145995600
2023-03-16,180.37,185.81,178.84,184.13,184.13,121136800
2023-03-17,184.52,186.22,177.33,180.13,180.13,133197100
2023-03-20,178.08,186.44,176.35,183.25,183.25,129684400
2023-03-21,188.28,198.00,188.04,197.58,197.58,153391400
2023-03-22,199.30,200.66,190.95,191.15,191.15,150376400
2023-03-23,195.26,199.31,188.65,192.22,192.22,144193900
2023-03-24,191.65,192.36,187.15,190.41,190.41,116312400
2023-03-27,194.42,197.39,189.94,191.81,191.81,120851600
2023-03-28,192.00,192.35,185.43,189.19,189.19,98654600
2023-03-29,193.13,195.29,189.44,193.88,193.88,123660000
2023-03-30,195.58,197.33,194.42,195.28,195.28,110252200
2023-03-31,197.53,207.79,197.20,207.46,207.46,170222100
2023-04-03,199.91,202.69,192.20,194.77,194.77,169545900
2023-04-04,197.32,198.74,190.32,192.58,192.58,126463800
2023-04-05,190.52,190.68,183.76,185.52,185.52,133882500
2023-04-06,183.08,186.39,179.74,185.06,185.06,123857900
2023-04-10,179.94,185.10,176.11,184.51,184.51,142154600
2023-04-11,186.69,189.19,185.65,186.79,186.79,115770900
2023-04-12,190.74,191.58,180.31,180.54,180.54,150256300
2023-04-13,182.96,186.50,180.94,185.90,185.90,112933000
2023-04-14,183.95,186.28,182.01,185.00,185.00,96438700
2023-04-17,186.32,189.69,182.69,187.04,187.04,116662200
2023-04-18,187.15,187.69,183.58,184.31,184.31,92067000
2023-04-19,179.10,183.50,177.65,180.59,180.59,125732700
2023-04-20,166.17,169.70,160.56,162.99,162.99,210970800
2023-04-21,164.80,166.00,161.32,165.08,165.08,123539000
2023-04-24,164.65,165.65,158.61,162.55,162.55,140006600
2023-04-25,159.82,163.47,158.75,160.67,160.67,121999300
2023-04-26,160.29,160.67,153.14,153.75,153.75,153364100
2023-04-27,152.64,160.48,152.37,160.19,160.19,127015200
2023-04-28,160.90,165.00,157.32,164.31,164.31,122515800
2023-05-01,163.17,163.28,158.83,161.83,161.83,109015000
2023-05-02,161.88,165.49,158.93,160.31,160.31,128259700
2023-05-03,160.01,165.00,159.91,160.61,160.61,119728000
2023-05-04,162.71,162.95,159.65,161.20,161.20,95108500
2023-05-05,163.97,170.79,163.51,170.06,170.06,107440900
2023-05-08,173.72,173.80,169.19,171.79,171.79,112249400
2023-05-09,168.95,169.82,166.56,169.15,169.15,88965000
2023-05-10,172.55,174.43,166.68,168.54,168.54,119840700
2023-05-11,168.70,173.57,166.79,172.08,172.08,103889900
2023-05-12,176.07,177.38,167.23,167.98,167.98,157577100
2023-05-15,167.66,169.76,164.55,166.35,166.35,105592500
2023-05-16,165.65,169.52,164.35,166.52,166.52,98288800
2023-05-17,168.41,174.50,167.19,173.86,173.86,125473600
2023-05-18,174.22,177.06,172.45,176.89,176.89,109520300
2023-05-19,177.17,181.95,176.31,180.14,180.14,136024200
2023-05-22,180.70,189.32,180.11,188.87,188.87,132001400
2023-05-23,186.20,192.96,185.26,185.77,185.77,156952100
2023-05-24,182.23,184.22,178.22,182.90,182.90,137605100
2023-05-25,186.54,186.78,180.58,184.47,184.47,96870700
2023-05-26,184.62,198.60,184.53,193.17,193.17,162061500
2023-05-30,200.10,204.48,197.53,201.16,201.16,128818700
2023-05-31,199.78,203.95,195.12,203.93,203.93,150711700
2023-06-01,202.59,209.80,199.37,207.52,207.52,148029900
2023-06-02,210.15,217.25,209.75,213.97,213.97,164129000
2023-06-05,217.80,221.29,214.52,217.61,217.61,151143100
2023-06-06,216.14,221.91,212.53,221.31,221.31,146911600
2023-06-07,228.00,230.83,223.20,224.57,224.57,185710800
2023-06-08,224.22,235.23,223.01,234.86,234.86,164489700
2023-06-09,249.07,252.42,242.02,244.40,244.40,199882300
2023-06-12,247.94,250.97,244.59,249.83,249.83,150337900
2023-06-13,253.51,259.68,251.34,258.71,258.71,162384300
2023-06-14,260.17,261.57,250.50,256.79,256.79,170575500
2023-06-15,248.40,258.95,247.29,255.90,255.90,160171200
2023-06-16,258.92,263.60,257.21,260.54,260.54,167563700
2023-06-20,261.50,274.75,261.12,274.45,274.45,165611200
2023-06-21,275.13,276.99,257.78,259.46,259.46,211797100
2023-06-22,250.77,265.00,248.25,264.61,264.61,166875900
2023-06-23,259.29,262.45,252.80,256.60,256.60,176584100
2023-06-26,250.07,258.37,240.70,241.05,241.05,179990600
2023-06-27,243.24,250.39,240.85,250.21,250.21,164968200
2023-06-28,249.70,259.88,248.89,256.24,256.24,159770800
2023-06-29,258.03,260.74,253.61,257.50,257.50,131283400
2023-06-30,260.60,264.45,259.89,261.77,261.77,112267600
2023-07-03,276.49,284.25,275.11,279.82,279.82,119685900
2023-07-05,278.82,283.85,277.60,282.48,282.48,131530900
2023-07-06,278.09,279.97,272.88,276.54,276.54,120332100
2023-07-07,278.43,280.78,273.77,274.43,274.43,113602000
2023-07-10,276.47,277.52,265.10,269.61,269.61,119425400
2023-07-11,268.65,270.90,266.37,269.79,269.79,91972400
2023-07-12,276.33,276.52,271.46,271.99,271.99,95672100
2023-07-13,274.59,279.45,270.60,277.90,277.90,112681500
2023-07-14,277.01,285.30,276.31,281.38,281.38,119771100
2023-07-17,286.63,292.23,283.57,290.38,290.38,131569600
2023-07-18,290.15,295.26,286.01,293.34,293.34,112434700
2023-07-19,296.04,299.29,289.52,291.26,291.26,142355400
2023-07-20,279.56,280.93,261.20,262.90,262.90,175158300
2023-07-21,268.00,268.00,255.80,260.02,260.02,161050100
2023-07-24,255.85,269.85,254.12,269.06,269.06,136508500
2023-07-25,272.38,272.90,265.00,265.28,265.28,112757300
2023-07-26,263.25,268.04,261.75,264.35,264.35,95856200
2023-07-27,268.31,269.13,255.30,255.71,255.71,103697300
2023-07-28,259.86,267.25,258.23,266.44,266.44,111446000
2023-07-31,267.48,269.08,263.78,267.43,267.43,84582200
2023-08-01,266.26,266.47,260.25,261.07,261.07,83166000
2023-08-02,255.57,259.52,250.49,254.11,254.11,101752900
2023-08-03,252.04,260.49,252.00,259.32,259.32,97569100
2023-08-04,260.97,264.77,253.11,253.86,253.86,99242600
2023-08-07,251.45,253.65,242.76,251.45,251.45,111097900
2023-08-08,247.45,250.92,245.01,249.70,249.70,96642200
2023-08-09,250.87,251.10,241.90,242.19,242.19,101596300
2023-08-10,245.40,251.80,243.00,245.34,245.34,109498600
2023-08-11,241.77,243.79,238.02,242.65,242.65,98866600
2023-08-14,235.70,240.66,233.75,239.76,239.76,98595300
2023-08-15,238.73,240.50,232.61,232.96,232.96,88197600
2023-08-16,228.02,233.97,225.38,225.60,225.60,112484500
2023-08-17,226.06,226.74,218.83,219.22,219.22,120718400
2023-08-18,214.12,217.58,212.36,215.49,215.49,135813700
2023-08-21,221.55,232.13,220.58,231.28,231.28,135702700
2023-08-22,240.25,240.82,229.55,233.19,233.19,130597900
2023-08-23,229.34,238.98,229.29,236.86,236.86,101077600
2023-08-24,238.66,238.92,228.18,230.04,230.04,99777400
2023-08-25,231.31,239.00,230.35,238.59,238.59,106612200
2023-08-28,242.58,244.38,235.35,238.82,238.82,107673700
2023-08-29,238.58,257.48,237.77,257.18,257.18,134047600
2023-08-30,254.20,260.51,250.59,256.90,256.90,121988400
2023-08-31,255.98,261.18,255.05,258.08,258.08,108861700
2023-09-01,257.26,259.08,242.01,245.01,245.01,132272500
2023-09-05,245.00,258.00,244.86,256.49,256.49,129469600
2023-09-06,255.14,255.39,245.06,251.92,251.92,116959800
2023-09-07,245.07,252.81,243.27,251.49,251.49,115312900
2023-09-08,251.22,256.52,246.67,248.50,248.50,118367700
2023-09-11,264.27,274.85,260.61,273.58,273.58,174667900
2023-09-12,270.76,278.39,266.60,267.48,267.48,135999900
2023-09-13,270.07,274.98,268.10,271.30,271.30,111673700
2023-09-14,271.32,276.71,270.42,276.04,276.04,107709800
2023-09-15,277.55,278.98,271.00,274.39,274.39,133422800
2023-09-18,271.16,271.44,263.76,265.28,265.28,101543300
2023-09-19,264.35,267.85,261.20,266.50,266.50,103704000
2023-09-20,267.04,273.93,262.46,262.59,262.59,122514600
2023-09-21,257.85,260.86,254.21,255.70,255.70,119531000
2023-09-22,257.40,257.79,244.48,244.88,244.88,127524100
2023-09-25,243.38,247.10,238.31,246.99,246.99,104636600
2023-09-26,242.98,249.55,241.66,244.12,244.12,101993600
2023-09-27,244.26,245.33,234.58,240.50,240.50,136597200
2023-09-28,240.02,247.55,238.65,246.38,246.38,117058900
2023-09-29,250.00,254.77,246.35,250.22,250.22,128346200
2023-10-02,244.81,254.28,242.62,251.60,251.60,123810400
2023-10-03,248.61,250.02,244.45,246.53,246.53,101985300
2023-10-04,248.14,261.86,247.60,261.16,261.16,129721600
2023-10-05,260.00,263.60,256.25,260.05,260.05,119159200
2023-10-06,253.98,261.65,250.65,260.53,260.53,117947000
2023-10-09,255.31,261.36,252.05,259.67,259.67,101377900
2023-10-10,257.75,268.94,257.65,263.62,263.62,122656000
2023-10-11,266.20,268.60,260.90,262.99,262.99,103706300
2023-10-12,262.92,265.41,256.63,258.87,258.87,111508100
2023-10-13,258.90,259.60,250.22,251.12,251.12,102073800
2023-10-16,250.05,255.40,248.48,253.92,253.92,88917200
2023-10-17,250.10,257.18,247.08,254.85,254.85,93562900
2023-10-18,252.70,254.63,242.08,242.68,242.68,125147800
2023-10-19,225.95,230.61,216.78,220.11,220.11,170772700
2023-10-20,217.01,218.86,210.42,211.99,211.99,137734000
2023-10-23,210.00,216.98,202.51,212.08,212.08,150683400
2023-10-24,216.50,222.05,214.11,216.52,216.52,118231100
2023-10-25,215.88,220.10,212.20,212.42,212.42,107065100
2023-10-26,211.32,214.80,204.88,205.76,205.76,115112600
2023-10-27,210.60,212.41,205.77,207.30,207.30,94881200
2023-10-30,209.28,210.88,194.67,197.36,197.36,136448200
2023-10-31,196.12,202.80,194.07,200.84,200.84,118068300
2023-11-01,204.04,205.99,197.85,205.66,205.66,121661700
2023-11-02,212.97,219.20,211.45,218.51,218.51,125987600
2023-11-03,221.15,226.37,218.40,219.96,219.96,119281000
2023-11-06,223.98,226.32,215.00,219.27,219.27,117335800
2023-11-07,219.98,223.12,215.72,222.18,222.18,116900100
2023-11-08,223.15,224.15,217.64,222.11,222.11,106584800
2023-11-09,219.75,220.80,206.68,209.98,209.98,142110500
2023-11-10,210.03,215.38,205.69,214.65,214.65,130994000
2023-11-13,215.60,225.40,211.61,223.71,223.71,140447600
2023-11-14,235.03,238.14,230.72,237.41,237.41,149771600
2023-11-15,239.29,246.70,236.45,242.84,242.84,150354000
2023-11-16,239.49,240.88,230.96,233.59,233.59,136816800
2023-11-17,232.00,237.39,226.54,234.30,234.30,142532800
2023-11-20,234.04,237.10,231.02,235.60,235.60,116320100
2023-11-21,235.04,243.62,233.34,241.20,241.20,122288000
2023-11-22,242.04,244.01,231.40,234.21,234.21,117950600
2023-11-24,233.75,238.75,232.33,235.45,235.45,65125200
2023-11-27,236.89,238.33,232.10,236.08,236.08,112031800
2023-11-28,236.68,247.00,234.01,246.72,246.72,148549900
2023-11-29,249.21,252.75,242.76,244.14,244.14,135401300
2023-11-30,245.14,245.22,236.91,240.08,240.08,132353200
2023-12-01,233.14,240.19,231.90,238.83,238.83,121173500
2023-12-04,235.75,239.37,233.29,235.58,235.58,104099800
2023-12-05,233.87,246.66,233.70,238.72,238.72,137971100
2023-12-06,242.92,246.57,239.17,239.37,239.37,126436200
2023-12-07,241.55,244.08,236.98,242.64,242.64,107142300
2023-12-08,240.27,245.27,239.27,243.84,243.84,102980100
2023-12-11,242.74,243.44,237.45,239.74,239.74,97913900
2023-12-12,238.55,238.99,233.87,237.01,237.01,95328300
2023-12-13,234.19,240.30,228.20,239.29,239.29,146286300
2023-12-14,241.22,253.88,240.79,251.05,251.05,160829200
2023-12-15,251.21,254.13,248.30,253.50,253.50,135720800
2023-12-18,253.78,258.74,251.36,252.08,252.08,116416500
2023-12-19,253.48,258.34,253.01,257.22,257.22,106737400
2023-12-20,256.41,259.84,247.00,247.14,247.14,125097000
2023-12-21,251.90,254.80,248.55,254.50,254.50,109594200
2023-12-22,256.76,258.22,251.37,252.54,252.54,93249800
2023-12-26,254.49,257.97,252.91,256.61,256.61,86892400
2023-12-27,258.35,263.34,257.52,261.44,261.44,106494400
2023-12-28,263.66,265.13,252.71,253.18,253.18,113619900
2023-12-29,255.10,255.19,247.43,248.48,248.48,100615300
2024-01-02,250.08,251.25,244.41,248.42,248.42,104654200
2024-01-03,244.98,245.68,236.32,238.45,238.45,121082600
2024-01-04,239.25,242.70,237.73,237.93,237.93,102629300
2024-01-05,236.86,240.12,234.90,237.49,237.49,92379400
2024-01-08,236.14,241.25,235.30,240.45,240.45,85166600
2024-01-09,238.11,238.96,232.04,234.96,234.96,96705700
2024-01-10,235.10,235.50,231.29,233.94,233.94,91628500
2024-01-11,230.57,230.93,225.37,227.22,227.22,105873600
2024-01-12,220.08,225.34,217.15,218.89,218.89,122889000
2024-01-16,215.10,223.49,212.18,219.91,219.91,115355000
2024-01-17,214.86,215.67,212.01,215.55,215.55,103164400
2024-01-18,216.88,217.45,208.74,211.88,211.88,108595400
2024-01-19,209.99,213.19,207.56,212.19,212.19,102095800
2024-01-22,212.26,217.80,206.27,208.80,208.80,117952500
2024-01-23,211.30,215.65,207.75,209.14,209.14,106605900
2024-01-24,211.88,212.73,206.77,207.83,207.83,123369900
2024-01-25,189.70,193.00,180.06,182.63,182.63,198076800
2024-01-26,185.50,186.78,182.10,183.25,183.25,107343200
2024-01-29,185.63,191.48,183.67,190.93,190.93,125013100
2024-01-30,195.33,196.36,190.61,191.59,191.59,109982300
2024-01-31,187.00,193.97,185.85,187.29,187.29,103221400
2024-02-01,188.50,189.88,184.28,188.86,188.86,91843300
2024-02-02,185.04,188.69,182.00,187.91,187.91,110505100
2024-02-05,184.26,184.68,175.01,181.06,181.06,134294400
2024-02-06,177.21,186.49,177.11,185.10,185.10,122676000
2024-02-07,188.18,189.79,182.68,187.58,187.58,111535200
2024-02-08,189.00,191.62,185.58,189.56,189.56,83034000
2024-02-09,190.18,194.12,189.48,193.57,193.57,84476300
2024-02-12,192.11,194.73,187.28,188.13,188.13,95498600
2024-02-13,183.99,187.26,182.11,184.02,184.02,86759500
2024-02-14,185.30,188.89,183.35,188.71,188.71,81203000
2024-02-15,189.16,200.88,188.86,200.45,200.45,120831800
2024-02-16,202.06,203.17,197.40,199.95,199.95,111173600
2024-02-20,196.13,198.60,189.13,193.76,193.76,104545800
2024-02-21,193.36,199.44,191.95,194.77,194.77,103844000
2024-02-22,194.00,198.32,191.36,197.41,197.41,92739500
2024-02-23,195.31,197.57,191.50,191.97,191.97,78841900
2024-02-26,192.29,201.78,192.00,199.40,199.40,111747100
2024-02-27,204.04,205.60,198.26,199.73,199.73,108645400
2024-02-28,200.42,205.30,198.44,202.04,202.04,99806200
2024-02-29,204.18,205.28,198.45,201.88,201.88,85907000
2024-03-01,200.52,204.52,198.50,202.64,202.64,82099200
2024-03-04,198.73,199.75,186.72,188.14,188.14,134334900
2024-03-05,183.05,184.59,177.57,180.74,180.74,119660800
2024-03-06,179.99,181.58,173.70,176.54,176.54,107920900
2024-03-07,174.35,180.04,173.70,178.65,178.65,102129000
2024-03-08,181.50,182.73,174.70,175.34,175.34,85315300
2024-03-11,175.45,182.87,174.80,177.77,177.77,85391500
2024-03-12,177.77,179.43,172.41,177.54,177.54,87391700
2024-03-13,173.05,176.05,169.15,169.48,169.48,106524500
2024-03-14,167.77,171.17,160.51,162.50,162.50,126325700
2024-03-15,163.16,165.18,160.76,163.57,163.57,96971900
2024-03-18,170.02,174.72,165.90,173.80,173.80,108214400
2024-03-19,172.36,172.82,167.42,171.32,171.32,77271400
2024-03-20,173.00,176.25,170.82,175.66,175.66,83846700
2024-03-21,176.39,178.18,171.80,172.82,172.82,73178000
2024-03-22,166.69,171.20,166.30,170.83,170.83,75454700
2024-03-25,168.76,175.24,168.73,172.63,172.63,74228600
2024-03-26,178.58,184.25,177.38,177.67,177.67,113186200
2024-03-27,181.41,181.91,176.00,179.83,179.83,81804000
2024-03-28,177.45,179.57,175.30,175.79,175.79,77654800
2024-04-01,176.17,176.75,170.21,175.22,175.22,81562100
2024-04-02,164.75,167.69,163.43,166.63,166.63,116650600
2024-04-03,164.02,168.82,163.28,168.38,168.38,82950100
2024-04-04,170.07,177.19,168.01,171.11,171.11,123162000
2024-04-05,169.08,170.86,160.51,164.90,164.90,141250700
2024-04-08,169.34,174.50,167.79,172.98,172.98,104423300
2024-04-09,172.91,179.22,171.92,176.88,176.88,103232700
2024-04-10,173.04,174.93,170.01,171.76,171.76,84532400
2024-04-11,172.55,175.88,168.51,174.60,174.60,94516000
2024-04-12,172.34,173.81,170.36,171.05,171.05,64506600
2024-04-15,170.24,170.69,161.38,161.48,161.48,100245300
2024-04-16,156.74,158.19,153.75,157.11,157.11,97000000
2024-04-17,157.64,158.33,153.78,155.45,155.45,82439700
2024-04-18,151.25,152.20,148.70,149.93,149.93,96098800
2024-04-19,148.97,150.94,146.22,147.05,147.05,86005100
2024-04-22,140.56,144.44,138.80,142.05,142.05,107097600
2024-04-23,143.33,147.26,141.11,144.68,144.68,124545100
2024-04-24,162.84,167.97,157.51,162.13,162.13,181178000
2024-04-25,158.96,170.88,158.36,170.18,170.18,126427500
2024-04-26,168.85,172.12,166.37,168.29,168.29,109815700
2024-04-29,188.42,198.87,184.54,194.05,194.05,243869700
2024-04-30,186.98,190.95,182.84,183.28,183.28,127031800
2024-05-01,182.00,185.86,179.01,179.99,179.99,92829700
2024-05-02,182.86,184.60,176.02,180.01,180.01,89148000
2024-05-03,182.10,184.78,178.42,181.19,181.19,75491500
2024-05-06,183.80,187.56,182.20,184.76,184.76,84390300
2024-05-07,182.40,183.26,177.40,177.81,177.81,75045900
2024-05-08,171.59,176.06,170.15,174.72,174.72,79969500
2024-05-09,175.01,175.62,171.37,171.97,171.97,65950300
2024-05-10,173.05,173.06,167.75,168.47,168.47,72627200
2024-05-13,170.00,175.40,169.00,171.89,171.89,67018900
2024-05-14,174.50,179.49,174.07,177.55,177.55,86407400
2024-05-15,179.90,180.00,173.11,173.99,173.99,79663000
2024-05-16,174.10,175.79,171.43,174.84,174.84,59812200
2024-05-17,173.55,179.63,172.75,177.46,177.46,77445800
2024-05-20,177.56,177.75,173.52,174.95,174.95,61727400
2024-05-21,175.51,186.88,174.71,186.60,186.60,115266500
2024-05-22,182.85,183.80,178.12,180.11,180.11,88313500
2024-05-23,181.80,181.90,173.26,173.74,173.74,71975500
2024-05-24,174.84,180.08,173.73,179.24,179.24,65479700
2024-05-28,176.40,178.25,173.16,176.75,176.75,59736600
2024-05-29,174.19,178.15,173.93,176.19,176.19,54782600
2024-05-30,178.58,182.67,175.38,178.79,178.79,77784800
2024-05-31,178.50,180.32,173.82,178.08,178.08,67314600
2024-06-03,178.13,182.64,174.49,176.29,176.29,68568900
2024-06-04,174.78,177.76,174.00,174.77,174.77,60056300
2024-06-05,175.35,176.15,172.13,175.00,175.00,57953800
2024-06-06,174.60,179.73,172.73,177.94,177.94,69887000
2024-06-07,176.13,179.35,175.58,177.48,177.48,56244900
2024-06-10,176.06,178.57,173.17,173.79,173.79,50869700
2024-06-11,173.92,174.75,167.41,170.66,170.66,64761900
2024-06-12,171.12,180.55,169.80,177.29,177.29,90389400
2024-06-13,188.39,191.08,181.23,182.47,182.47,118984100
2024-06-14,185.80,186.00,176.92,178.01,178.01,82038200
2024-06-17,177.92,188.81,177.00,187.44,187.44,109786100
2024-06-18,186.56,187.20,182.37,184.86,184.86,68982300
2024-06-20,184.68,185.21,179.66,181.57,181.57,55893100
2024-06-21,182.30,183.95,180.69,183.01,183.01,63029500
2024-06-24,184.97,188.80,182.55,182.58,182.58,61992100
2024-06-25,184.40,187.97,182.01,187.35,187.35,63678300
2024-06-26,186.54,197.76,186.36,196.37,196.37,95737100
2024-06-27,195.17,198.72,194.05,197.42,197.42,72746500
2024-06-28,199.55,203.20,195.26,197.88,197.88,95438100
2024-07-01,201.02,213.23,200.85,209.86,209.86,135691400
2024-07-02,218.89,231.30,218.06,231.26,231.26,205047900
2024-07-03,234.56,248.35,234.25,246.39,246.39,166561500
2024-07-05,249.81,252.37,242.46,251.52,251.52,154501200
2024-07-08,247.71,259.44,244.57,252.94,252.94,157219600
2024-07-09,251.00,265.61,250.30,262.33,262.33,160210900
2024-07-10,262.80,267.59,257.86,263.26,263.26,128519400
2024-07-11,263.30,271.00,239.65,241.03,241.03,221707300
2024-07-12,235.80,251.84,233.09,248.23,248.23,155955800
2024-07-15,255.97,265.60,251.73,252.64,252.64,146912900
2024-07-16,255.31,258.62,245.80,256.56,256.56,126332500
2024-07-17,252.73,258.47,246.18,248.50,248.50,115584800
2024-07-18,251.09,257.14,247.20,249.23,249.23,110869000
2024-07-19,247.79,249.44,236.83,239.20,239.20,87403900
2024-07-22,244.21,253.21,243.75,251.51,251.51,101225400
2024-07-23,253.60,255.76,245.63,246.38,246.38,111928200
2024-07-24,225.42,225.99,214.71,215.99,215.99,167942900
2024-07-25,216.80,226.00,216.23,220.25,220.25,100636500
2024-07-26,221.19,222.28,215.33,219.80,219.80,94604100
2024-07-29,224.90,234.27,224.70,232.10,232.10,129201800
2024-07-30,232.25,232.41,220.00,222.62,222.62,100560300
2024-07-31,227.90,234.68,226.79,232.07,232.07,67497000
2024-08-01,227.69,231.87,214.33,216.86,216.86,83861900
2024-08-02,214.88,216.13,205.78,207.67,207.67,82880100
2024-08-05,185.22,203.88,182.00,198.88,198.88,100308800
2024-08-06,200.75,202.90,192.67,200.64,200.64,73783900
2024-08-07,200.77,203.49,191.48,191.76,191.76,71159800
2024-08-08,195.70,200.70,192.04,198.84,198.84,65033900
2024-08-09,197.05,200.88,195.11,200.00,200.00,58648300
2024-08-12,199.02,199.26,194.67,197.49,197.49,64044900
2024-08-13,198.47,208.49,197.06,207.83,207.83,76247400
2024-08-14,207.39,208.44,198.75,201.38,201.38,70250000
2024-08-15,205.02,215.88,204.82,214.14,214.14,89848500
2024-08-16,211.15,219.80,210.80,216.12,216.12,88765100
2024-08-19,217.07,222.98,214.09,222.72,222.72,76435200
2024-08-20,224.88,228.22,219.56,221.10,221.10,74001200
2024-08-21,222.67,224.66,218.86,223.27,223.27,70146000
2024-08-22,223.82,224.80,210.32,210.66,210.66,79514500
2024-08-23,214.46,221.48,214.21,220.32,220.32,81525200
2024-08-26,218.75,219.09,211.01,213.21,213.21,59301200
2024-08-27,213.25,215.66,206.94,209.21,209.21,62821400
2024-08-28,209.72,211.84,202.59,205.75,205.75,64116400
2024-08-29,209.80,214.89,205.97,206.28,206.28,62308800
2024-08-30,208.63,214.57,207.03,214.11,214.11,63370600
2024-09-03,215.26,219.90,209.64,210.60,210.60,76714200
2024-09-04,210.59,222.22,210.57,219.41,219.41,80651800
2024-09-05,223.49,235.00,222.25,230.17,230.17,119355000
2024-09-06,232.60,233.60,210.51,210.73,210.73,112177000
2024-09-09,216.20,219.87,213.67,216.27,216.27,67443500
2024-09-10,220.07,226.40,218.64,226.17,226.17,78891100
2024-09-11,224.55,228.47,216.80,228.13,228.13,83548600
2024-09-12,224.66,231.45,223.83,229.81,229.81,72020000
2024-09-13,228.00,232.67,226.32,230.29,230.29,59515100
2024-09-16,229.30,229.96,223.53,226.78,226.78,54323000
2024-09-17,229.45,234.57,226.55,227.87,227.87,66761600
2024-09-18,230.09,235.68,226.88,227.20,227.20,78010200
2024-09-19,234.00,244.24,232.13,243.92,243.92,102694600
2024-09-20,241.52,243.99,235.92,238.25,238.25,99879100
2024-09-23,242.61,250.00,241.92,250.00,250.00,86927200
2024-09-24,254.08,257.19,249.05,254.27,254.27,88491000
2024-09-25,252.54,257.05,252.28,257.02,257.02,65034300
2024-09-26,260.60,261.75,251.53,254.22,254.22,67142200
2024-09-27,257.38,260.70,254.12,260.46,260.46,70988100
2024-09-30,259.04,264.86,255.77,261.63,261.63,80705700
2024-10-01,262.67,263.98,248.53,258.02,258.02,87397600
2024-10-02,247.55,251.16,241.50,249.02,249.02,93983900
2024-10-03,244.48,249.79,237.81,240.66,240.66,80729200
2024-10-04,246.69,250.96,244.58,250.08,250.08,86573200
2024-10-07,249.00,249.83,240.70,240.83,240.83,68113300
2024-10-08,243.56,246.21,240.56,244.50,244.50,56303200
2024-10-09,243.82,247.43,239.51,241.05,241.05,66289500
2024-10-10,241.81,242.79,232.34,238.77,238.77,83087100
2024-10-11,220.13,223.34,214.38,217.80,217.80,142628900
2024-10-14,220.13,221.91,213.74,219.16,219.16,86291900
2024-10-15,220.01,224.26,217.12,219.57,219.57,62988800
2024-10-16,221.40,222.82,218.93,221.33,221.33,49632800
2024-10-17,221.59,222.08,217.90,220.89,220.89,50791800
2024-10-18,220.71,222.28,219.23,220.70,220.70,49611900
2024-10-21,218.90,220.48,215.73,218.85,218.85,47329000
2024-10-22,217.31,218.22,215.26,217.97,217.97,43268700
2024-10-23,217.13,218.72,212.11,213.65,213.65,80938900
2024-10-24,244.68,262.12,242.65,260.48,260.48,204491900
2024-10-25,256.01,269.49,255.32,269.19,269.19,161611900
2024-10-28,270.00,273.54,262.24,262.51,262.51,107653600
2024-10-29,264.51,264.98,255.51,259.52,259.52,80521800
2024-10-30,258.04,263.35,255.82,257.55,257.55,53993600
2024-10-31,257.99,259.75,249.25,249.85,249.85,66575300
2024-11-01,252.04,254.00,246.63,248.98,248.98,57544800
2024-11-04,244.56,248.90,238.88,242.84,242.84,68802400
2024-11-05,247.34,255.28,246.21,251.44,251.44,69282500
2024-11-06,284.67,289.59,275.62,288.53,288.53,165228700
2024-11-07,288.89,299.75,285.52,296.91,296.91,117309200
2024-11-08,299.14,328.71,297.66,321.22,321.22,204782800
2024-11-11,346.30,358.64,336.00,350.00,350.00,210521600
2024-11-12,342.74,345.84,323.31,328.49,328.49,155726000
2024-11-13,335.85,344.60,322.50,330.24,330.24,125405600
2024-11-14,327.69,329.98,310.37,311.18,311.18,120726100
2024-11-15,310.57,324.68,309.22,320.72,320.72,114440300
2024-11-18,340.73,348.55,330.01,338.74,338.74,126547500
2024-11-19,335.76,347.38,332.75,346.00,346.00,88852500
2024-11-20,345.00,346.60,334.30,342.03,342.03,66340700
2024-11-21,343.81,347.99,335.28,339.64,339.64,58011700
2024-11-22,341.09,361.53,337.70,352.56,352.56,89140700
2024-11-25,360.14,361.93,338.20,338.59,338.59,95890900
2024-11-26,341.00,346.96,335.66,338.23,338.23,62295900
2024-11-27,341.80,342.55,326.59,332.89,332.89,57896400
2024-11-29,336.08,345.45,334.65,345.16,345.16,37167600
2024-12-02,352.38,360.00,351.15,357.09,357.09,77986500
2024-12-03,351.80,355.69,348.20,351.42,351.42,58267200
2024-12-04,353.00,358.10,348.60,357.93,357.93,50810900
2024-12-05,359.87,375.43,359.50,369.49,369.49,81403600
2024-12-06,377.42,389.49,370.80,389.22,389.22,81455800
2024-12-09,397.61,404.80,378.01,389.79,389.79,96359200
2024-12-10,392.68,409.73,390.85,400.99,400.99,97563600
2024-12-11,409.70,424.88,402.38,424.77,424.77,104287600
2024-12-12,424.84,429.30,415.00,418.10,418.10,87752200
2024-12-13,420.00,436.30,415.71,436.23,436.23,89000200
2024-12-16,441.09,463.19,436.15,463.02,463.02,114083800
2024-12-17,475.90,483.99,457.51,479.86,479.86,131223000
2024-12-18,466.50,488.54,427.01,440.13,440.13,149340800
2024-12-19,451.88,456.36,420.02,436.17,436.17,118566100
2024-12-20,425.51,447.08,417.64,421.06,421.06,132216200
2024-12-23,431.00,434.51,415.41,430.60,430.60,72698100
2024-12-24,435.90,462.78,435.14,462.28,462.28,59551800
2024-12-26,465.16,465.33,451.02,454.13,454.13,76366400
2024-12-27,449.52,450.00,426.50,431.66,431.66,82666800
2024-12-30,419.40,427.00,415.75,417.41,417.41,64941000